{"__symbolic":"module","version":4,"metadata":{"HideKeyboardModule":{"__symbolic":"class","decorators":[{"__symbolic":"call","expression":{"__symbolic":"reference","module":"@angular/core","name":"NgModule","line":5,"character":1},"arguments":[{"imports":[{"__symbolic":"reference","module":"@angular/common","name":"CommonModule","line":7,"character":4}],"declarations":[{"__symbolic":"reference","name":"HideKeyboardDirective"}],"exports":[{"__symbolic":"reference","name":"HideKeyboardDirective"}]}]}],"members":{},"statics":{"forRoot":{"__symbolic":"function","parameters":[],"value":{"ngModule":{"__symbolic":"reference","name":"HideKeyboardModule"},"providers":[]}}}},"HideKeyboardDirective":{"__symbolic":"class","decorators":[{"__symbolic":"call","expression":{"__symbolic":"reference","module":"@angular/core","name":"Directive","line":2,"character":1},"arguments":[{"selector":"[hideKeyboard]"}]}],"members":{"__ctor__":[{"__symbolic":"constructor","parameters":[{"__symbolic":"reference","module":"@angular/core","name":"ElementRef","line":9,"character":25}]}],"onFocus":[{"__symbolic":"method","decorators":[{"__symbolic":"call","expression":{"__symbolic":"reference","module":"@angular/core","name":"HostListener","line":18,"character":2},"arguments":["focus"]}]}],"onClick":[{"__symbolic":"method","decorators":[{"__symbolic":"call","expression":{"__symbolic":"reference","module":"@angular/core","name":"HostListener","line":31,"character":2},"arguments":["click",["$event.target"]]}]}],"setReadOnly":[{"__symbolic":"method"}]}}},"origins":{"HideKeyboardModule":"./hide-keyboard.module","HideKeyboardDirective":"./hide-keyboard.directive"},"importAs":"hide-keyboard"}